year,month,day,link
2018,5,11,http://yahoo.co.jp
2018,5,12,http://yahoo.co.jp
2018,5,13,http://yahoo.co.jp
2018,5,14,http://yahoo.co.jp
2018,5,15,http://yahoo.co.jp
2018,5,16,http://yahoo.co.jp
2018,5,17,http://yahoo.co.jp
2018,5,18,http://yahoo.co.jp
2018,5,19,http://yahoo.co.jp
2018,5,20,http://yahoo.co.jp
2018,5,21,http://yahoo.co.jp
2018,5,22,http://yahoo.co.jp
2018,5,23,http://yahoo.co.jp
2018,5,24,http://yahoo.co.jp
2018,5,25,http://yahoo.co.jp
2018,5,26,http://yahoo.co.jp
2018,5,27,http://yahoo.co.jp
2018,5,28,http://yahoo.co.jp
2018,5,29,http://yahoo.co.jp
2018,5,30,http://yahoo.co.jp
2018,6,12,http://yahoo.co.jp
2018,6,13,http://yahoo.co.jp
2018,6,14,http://yahoo.co.jp
2018,6,15,http://yahoo.co.jp
2018,6,16,http://yahoo.co.jp
2018,6,17,http://yahoo.co.jp
2018,6,18,http://yahoo.co.jp
2018,6,19,http://yahoo.co.jp
2018,6,20,http://yahoo.co.jp
2018,6,21,http://yahoo.co.jp
2018,6,22,http://yahoo.co.jp
2018,6,23,http://yahoo.co.jp
2018,6,24,http://yahoo.co.jp
2018,6,25,http://yahoo.co.jp
2018,6,26,http://yahoo.co.jp
2018,6,27,http://yahoo.co.jp
2018,6,28,http://yahoo.co.jp
2018,6,29,http://yahoo.co.jp
2018,6,30,http://yahoo.co.jp